Zeiten gesamt;Vorbereitungsszeit;Inferenzzeit;Verarbeitungszeit;Groesse;Name;Modell
1.615849;0.617149;0.903967;0.094733;109303;image1;SSD MobileNet v2
1.848359;1.520522;0.209796;0.113625;99258; image2;SSD MobileNet v2
2.337469;2.069014;0.200567;0.066483;53860; image3;SSD MobileNet v2
1.982174;1.667342;0.210979;0.095153;80367; image4;SSD MobileNet v2
2.106265;1.777979;0.256888;0.061049;113572; image5;SSD MobileNet v2
2.935105;2.474852;0.281538;0.159625;84649; image6;SSD MobileNet v2
2.196599;1.946870;0.180319;0.064953;89931; image7;SSD MobileNet v2
1.346821;1.095161;0.166351;0.083753;127682; image8;SSD MobileNet v2
1.855654;1.601067;0.178305;0.074404;234274; image9;SSD MobileNet v2
1.294881;1.053030;0.172539;0.062999;120329; image10;SSD MobileNet v2
1.222923;0.996909;0.180154;0.045359;76042; image11;SSD MobileNet v2
1.287458;1.064264;0.167982;0.052518;61060; image12;SSD MobileNet v2
1.441714;1.258286;0.120181;0.058509;193722; image13;SSD MobileNet v2
0.756017;0.620419;0.099334;0.034320;53569; image14;SSD MobileNet v2
1.057352;0.876038;0.130799;0.048970;89915; image15;SSD MobileNet v2
0.742596;0.602140;0.103868;0.034194;72731; image16;SSD MobileNet v2
1.078534;0.898035;0.114105;0.063710;145966; image17;SSD MobileNet v2
0.851004;0.688219;0.105257;0.055298;222223; image18;SSD MobileNet v2
0.711379;0.572868;0.103462;0.032948;50392; image19;SSD MobileNet v2
0.168296;0.058673;0.096917;0.010027;13742; image20;SSD MobileNet v2
0.719085;0.548843;0.109260;0.058885;43737; image21;SSD MobileNet v2
0.740264;0.594775;0.104338;0.039459;114016; image22;SSD MobileNet v2
0.727362;0.581379;0.097412;0.045224;186288; image23;SSD MobileNet v2
0.735295;0.585758;0.105989;0.039713;120769; image24;SSD MobileNet v2
0.726920;0.585635;0.102467;0.036299;81936; image25;SSD MobileNet v2
0.836835;0.679970;0.102026;0.051681;173711; image26;SSD MobileNet v2
0.751878;0.591799;0.105611;0.052973;176606; image27;SSD MobileNet v2
0.752346;0.596429;0.106916;0.045549;90089; image28;SSD MobileNet v2
0.746006;0.595752;0.106387;0.042204;150503; image29;SSD MobileNet v2
0.742168;0.601023;0.102466;0.036854;87159; image30;SSD MobileNet v2
0.160858;0.052745;0.095594;0.009366;14053; image31;SSD MobileNet v2
0.184006;0.062287;0.112138;0.007915;10151; image32;SSD MobileNet v2
0.725706;0.584002;0.100759;0.038684;120622; image33;SSD MobileNet v2
0.335872;0.215183;0.095527;0.016920;34572; image34;SSD MobileNet v2
0.338603;0.222445;0.097759;0.016102;21610; image35;SSD MobileNet v2
0.269447;0.146163;0.107576;0.014088;21125; image36;SSD MobileNet v2
0.524639;0.376866;0.118777;0.025259;54175; image37;SSD MobileNet v2
0.890272;0.732019;0.110186;0.043991;82218; image38;SSD MobileNet v2
0.541980;0.412861;0.100601;0.023661;35768; image39;SSD MobileNet v2
0.623502;0.493808;0.100468;0.023433;39957; image40;SSD MobileNet v2
0.750095;0.610834;0.101407;0.033949;64533; image41;SSD MobileNet v2
0.751373;0.600978;0.106213;0.042368;108233; image42;SSD MobileNet v2
0.822788;0.584509;0.180637;0.057113;140182; image43;SSD MobileNet v2
0.280251;0.093555;0.172092;0.013161;16522; image44;SSD MobileNet v2
1.473980;1.223400;0.175529;0.072064;171547; image45;SSD MobileNet v2
1.491535;1.233463;0.197776;0.057307;119855; image46;SSD MobileNet v2
0.838571;0.625121;0.174830;0.033930;40434; image47;SSD MobileNet v2
1.191858;0.954727;0.181814;0.052036;34472; image48;SSD MobileNet v2
1.320373;1.094249;0.168624;0.049467;59974; image49;SSD MobileNet v2
1.314882;1.083078;0.178368;0.050486;73668; image50;SSD MobileNet v2
1.314246;1.088352;0.161689;0.061608;141496; image51;SSD MobileNet v2
1.926680;1.638999;0.183038;0.101556;79983; image52;SSD MobileNet v2
1.100846;0.874141;0.176293;0.047748;74288; image53;SSD MobileNet v2
1.167832;1.016882;0.103098;0.045828;93590; image54;SSD MobileNet v2
0.595499;0.461061;0.103497;0.029886;66215; image55;SSD MobileNet v2
0.728304;0.592871;0.100699;0.034300;78282; image56;SSD MobileNet v2
0.622397;0.490931;0.098031;0.030592;66992; image57;SSD MobileNet v2
0.811835;0.673743;0.100344;0.035974;77841; image58;SSD MobileNet v2
0.596964;0.465737;0.098910;0.030314;74031; image59;SSD MobileNet v2
0.583713;0.457198;0.097923;0.027266;54085; image60;SSD MobileNet v2
0.335239;0.209025;0.105142;0.019513;40951; image61;SSD MobileNet v2
0.718981;0.576265;0.103935;0.037860;99265; image62;SSD MobileNet v2
0.736645;0.596465;0.099545;0.037793;92587; image63;SSD MobileNet v2
0.731635;0.586103;0.099065;0.042281;161943; image64;SSD MobileNet v2
0.754979;0.614142;0.103803;0.036576;139815; image65;SSD MobileNet v2
0.702658;0.568475;0.101826;0.029365;80058; image66;SSD MobileNet v2
0.501620;0.371430;0.100067;0.028162;94473; image67;SSD MobileNet v2
0.721091;0.545979;0.098571;0.073341;175845; image68;SSD MobileNet v2
0.755754;0.592219;0.115034;0.046225;297356; image69;SSD MobileNet v2
0.749811;0.600203;0.105581;0.041614;135926; image70;SSD MobileNet v2
0.807894;0.659734;0.108899;0.036802;124688; image71;SSD MobileNet v2
0.713055;0.552116;0.121803;0.035407;82471; image72;SSD MobileNet v2
0.422200;0.303337;0.097059;0.019762;29442; image73;SSD MobileNet v2
0.798758;0.641711;0.119588;0.035802;63365; image74;SSD MobileNet v2
0.748535;0.603364;0.096193;0.040027;114981; image75;SSD MobileNet v2
0.728247;0.559802;0.105017;0.058570;155326; image76;SSD MobileNet v2
0.722697;0.578265;0.098758;0.042300;186154; image77;SSD MobileNet v2
0.736816;0.598572;0.101723;0.034744;81337; image78;SSD MobileNet v2
0.754502;0.597332;0.104239;0.050028;117545; image79;SSD MobileNet v2
0.737890;0.596810;0.100449;0.038861;75280; image80;SSD MobileNet v2
0.741801;0.591198;0.106013;0.034834;107835; image81;SSD MobileNet v2
0.743325;0.600630;0.102521;0.038712;189529; image82;SSD MobileNet v2
0.748872;0.605508;0.103458;0.036576;94812; image83;SSD MobileNet v2
1.067552;0.908002;0.103628;0.054898;90540; image84;SSD MobileNet v2
0.542751;0.410743;0.101123;0.028594;99165; image85;SSD MobileNet v2
0.700830;0.549152;0.117940;0.032716;78502; image86;SSD MobileNet v2
0.698295;0.556816;0.103869;0.036640;125658; image87;SSD MobileNet v2
0.718432;0.576342;0.103336;0.037029;130969; image88;SSD MobileNet v2
0.727924;0.584539;0.102735;0.038827;113074; image89;SSD MobileNet v2
0.607080;0.475353;0.102870;0.027821;36113; image90;SSD MobileNet v2
0.335067;0.220779;0.098059;0.014988;17013; image91;SSD MobileNet v2
0.527157;0.388814;0.110829;0.025878;52255; image92;SSD MobileNet v2
0.593447;0.469383;0.101059;0.021983;45158; image93;SSD MobileNet v2
0.702949;0.563881;0.104498;0.033328;61296; image94;SSD MobileNet v2
0.166432;0.051748;0.103797;0.009367;13805; image95;SSD MobileNet v2
0.556448;0.415957;0.102104;0.030910;127504; image96;SSD MobileNet v2
0.815036;0.672035;0.099796;0.041009;199252; image97;SSD MobileNet v2
0.753972;0.576332;0.106169;0.067467;156151; image98;SSD MobileNet v2
0.737515;0.599576;0.101232;0.035654;134013; image99;SSD MobileNet v2
0.843712;0.683767;0.102849;0.054590;310439; image100;SSD MobileNet v2
0.164547;0.053445;0.095621;0.013117;12622; image101;SSD MobileNet v2
0.648494;0.504571;0.100808;0.040695;68909; image102;SSD MobileNet v2
0.823320;0.656811;0.120396;0.044325;158761; image103;SSD MobileNet v2
1.861287;0.709366;1.109105;0.040552;99258; image2;EfficientDet D1
1.608799;0.549144;1.022038;0.037134;53860; image3;EfficientDet D1
1.699286;0.585555;1.070707;0.040491;80367; image4;EfficientDet D1
1.722166;0.584656;1.094001;0.041253;113572; image5;EfficientDet D1
1.706825;0.605076;1.056403;0.041785;84649; image6;EfficientDet D1
1.802942;0.658727;1.071882;0.070311;89931; image7;EfficientDet D1
3.074520;1.106501;1.873223;0.088834;127682; image8;EfficientDet D1
3.583385;1.728806;1.776343;0.069368;234274; image9;EfficientDet D1
2.934498;1.101777;1.763540;0.064515;120329; image10;EfficientDet D1
3.052219;1.010575;1.986522;0.051945;76042; image11;EfficientDet D1
1.784818;0.662556;1.081737;0.037122;61060; image12;EfficientDet D1
2.050582;0.907723;1.076800;0.062399;193722; image13;EfficientDet D1
1.740390;0.620701;1.074936;0.041560;53569; image14;EfficientDet D1
1.915558;0.878165;0.980376;0.054741;89915; image15;EfficientDet D1
1.673457;0.611517;1.023478;0.036793;72731; image16;EfficientDet D1
1.944866;0.901200;0.980650;0.060316;145966; image17;EfficientDet D1
1.694874;0.663420;0.975479;0.054907;222223; image18;EfficientDet D1
2.002297;0.604912;1.343977;0.049747;50392; image19;EfficientDet D1
1.715815;0.103868;1.596808;0.013852;13742; image20;EfficientDet D1
2.848184;1.162799;1.642934;0.041945;43737; image21;EfficientDet D1
2.817592;1.111648;1.632972;0.067589;114016; image22;EfficientDet D1
2.840321;1.083159;1.696934;0.057376;186288; image23;EfficientDet D1
2.407945;1.076081;1.288052;0.039927;120769; image24;EfficientDet D1
1.665136;0.583276;1.043279;0.035639;81936; image25;EfficientDet D1
1.829506;0.667350;1.072829;0.083492;173711; image26;EfficientDet D1
1.697254;0.607740;1.025440;0.061954;176606; image27;EfficientDet D1
1.618355;0.598812;0.975514;0.043447;90089; image28;EfficientDet D1
1.692675;0.608897;1.037159;0.041724;150503; image29;EfficientDet D1
1.619838;0.591842;0.987997;0.035620;87159; image30;EfficientDet D1
1.048426;0.051342;0.984829;0.009160;14053; image31;EfficientDet D1
1.034028;0.054403;0.966738;0.010688;10151; image32;EfficientDet D1
1.583709;0.599820;0.942257;0.039360;120622; image33;EfficientDet D1
1.225065;0.217495;0.985002;0.019031;34572; image34;EfficientDet D1
1.173352;0.222700;0.931622;0.017622;21610; image35;EfficientDet D1
1.126082;0.151578;0.960020;0.013505;21125; image36;EfficientDet D1
1.380530;0.362336;0.986989;0.024332;54175; image37;EfficientDet D1
1.810584;0.731850;1.016351;0.060211;82218; image38;EfficientDet D1
1.510588;0.411058;1.070859;0.025781;35768; image39;EfficientDet D1
1.568288;0.534972;1.001494;0.029646;39957; image40;EfficientDet D1
1.685922;0.607354;1.039301;0.035426;64533; image41;EfficientDet D1
1.648519;0.619417;0.989839;0.037840;108233; image42;EfficientDet D1
1.768604;0.610178;1.113053;0.042138;140182; image43;EfficientDet D1
1.099163;0.077074;1.011310;0.009353;16522; image44;EfficientDet D1
1.638081;0.620525;0.969031;0.046666;171547; image45;EfficientDet D1
2.688881;1.085384;1.562538;0.039102;119855; image46;EfficientDet D1
1.503107;0.325091;1.152671;0.023985;40434; image47;EfficientDet D1
2.425739;0.753321;1.628658;0.041152;34472; image48;EfficientDet D1
3.101332;1.241940;1.790669;0.063235;59974; image49;EfficientDet D1
2.926442;1.116996;1.743515;0.064464;73668; image50;EfficientDet D1
2.998261;1.113210;1.824018;0.059083;141496; image51;EfficientDet D1
2.847362;1.627234;1.166032;0.052119;79983; image52;EfficientDet D1
1.595545;0.487982;1.069188;0.036101;74288; image53;EfficientDet D1
2.010451;0.939370;1.016160;0.052074;93590; image54;EfficientDet D1
1.531187;0.477751;1.020067;0.031622;66215; image55;EfficientDet D1
1.665860;0.631221;0.995302;0.036726;78282; image56;EfficientDet D1
1.625173;0.525666;1.067442;0.031261;66992; image57;EfficientDet D1
1.833822;0.692457;1.098777;0.040435;77841; image58;EfficientDet D1
1.577348;0.470369;1.075724;0.029643;74031; image59;EfficientDet D1
1.543986;0.471807;1.039620;0.028096;54085; image60;EfficientDet D1
1.292984;0.216974;1.054934;0.018765;40951; image61;EfficientDet D1
1.667653;0.611397;1.010047;0.043429;99265; image62;EfficientDet D1
1.759975;0.637048;1.079642;0.040333;92587; image63;EfficientDet D1
1.771352;0.610245;1.108870;0.050412;161943; image64;EfficientDet D1
1.655454;0.625844;0.991992;0.036982;139815; image65;EfficientDet D1
1.683490;0.610802;1.039097;0.030836;80058; image66;EfficientDet D1
1.478458;0.373659;1.068841;0.032789;94473; image67;EfficientDet D1
1.603741;0.584840;0.972242;0.046173;175845; image68;EfficientDet D1
1.722896;0.630488;1.042963;0.047693;297356; image69;EfficientDet D1
1.722697;0.600662;1.076592;0.042754;135926; image70;EfficientDet D1
1.932698;0.703002;1.177475;0.050597;124688; image71;EfficientDet D1
1.790670;0.607441;1.136582;0.044250;82471; image72;EfficientDet D1
1.443839;0.314764;1.107093;0.021454;29442; image73;EfficientDet D1
1.763381;0.696770;1.029350;0.035773;63365; image74;EfficientDet D1
1.763134;0.606271;1.108911;0.044318;114981; image75;EfficientDet D1
1.783409;0.602964;1.122114;0.056923;155326; image76;EfficientDet D1
1.790002;0.646383;1.090568;0.048892;186154; image77;EfficientDet D1
1.771868;0.649282;1.072219;0.043471;81337; image78;EfficientDet D1
1.788734;0.647628;1.076015;0.062715;117545; image79;EfficientDet D1
1.745801;0.635534;1.068088;0.039039;75280; image80;EfficientDet D1
1.676848;0.624482;1.008084;0.041490;107835; image81;EfficientDet D1
1.840119;0.629067;1.152331;0.055669;189529; image82;EfficientDet D1
1.747678;0.620544;1.083227;0.039328;94812; image83;EfficientDet D1
2.100079;0.916758;1.109959;0.066985;90540; image84;EfficientDet D1
1.691188;0.462737;1.191339;0.035146;99165; image85;EfficientDet D1
1.646960;0.591184;1.010018;0.044362;78502; image86;EfficientDet D1
1.628783;0.583292;0.994288;0.047919;125658; image87;EfficientDet D1
1.668268;0.592944;1.032760;0.040899;130969; image88;EfficientDet D1
2.079561;0.617452;1.396108;0.056915;113074; image89;EfficientDet D1
2.696990;0.975382;1.678985;0.039994;36113; image90;EfficientDet D1
2.140314;0.488128;1.625097;0.022274;17013; image91;EfficientDet D1
2.388048;0.714603;1.634909;0.037952;52255; image92;EfficientDet D1
2.669124;0.910156;1.706405;0.050537;45158; image93;EfficientDet D1
2.889806;1.044211;1.784897;0.058676;61296; image94;EfficientDet D1
1.261427;0.097198;1.128125;0.031923;13805; image95;EfficientDet D1
1.510689;0.434034;1.024862;0.050159;127504; image96;EfficientDet D1
1.848177;0.726567;1.078003;0.041953;199252; image97;EfficientDet D1
1.739466;0.611274;1.080411;0.044904;156151; image98;EfficientDet D1
1.747423;0.624522;1.071446;0.048781;134013; image99;EfficientDet D1
1.788465;0.715096;1.014123;0.057496;310439; image100;EfficientDet D1
1.087765;0.055827;1.009901;0.019006;12622; image101;EfficientDet D1
1.510347;0.507364;0.966843;0.035094;68909; image102;EfficientDet D1
1.707977;0.679568;0.980511;0.046158;158761; image103;EfficientDet D1
13.335294;0.888988;12.315027;0.037684;109303;image1;Faster-R-CNN ResNet101 V1
14.195135;1.584200;12.451441;0.029375;99258; image2;Faster-R-CNN ResNet101 V1
20.988358;2.247659;18.463080;0.052650;53860; image3;Faster-R-CNN ResNet101 V1
7.817504;1.441273;6.309851;0.011829;80367; image4;Faster-R-CNN ResNet101 V1
7.116005;0.644674;6.402644;0.012427;113572; image5;Faster-R-CNN ResNet101 V1
6.238399;0.598506;5.603208;0.006883;84649; image6;Faster-R-CNN ResNet101 V1
6.329988;0.674448;5.581415;0.013841;89931; image7;Faster-R-CNN ResNet101 V1
6.680981;0.592559;6.032467;0.010011;127682; image8;Faster-R-CNN ResNet101 V1
7.199147;0.868339;6.279878;0.009456;234274; image9;Faster-R-CNN ResNet101 V1
6.282510;0.595261;5.645719;0.007531;120329; image10;Faster-R-CNN ResNet101 V1
6.676593;0.576537;6.034800;0.011720;76042; image11;Faster-R-CNN ResNet101 V1
6.831733;0.593646;6.168981;0.012429;61060; image12;Faster-R-CNN ResNet101 V1
13.981058;1.810657;11.792990;0.070591;193722; image13;Faster-R-CNN ResNet101 V1
6.907566;0.617965;6.228743;0.010943;53569; image14;Faster-R-CNN ResNet101 V1
6.923020;0.874212;5.989872;0.010907;89915; image15;Faster-R-CNN ResNet101 V1
6.227343;0.595832;5.577309;0.010048;72731; image16;Faster-R-CNN ResNet101 V1
7.082870;0.869105;6.101516;0.020819;145966; image17;Faster-R-CNN ResNet101 V1
7.789413;0.653174;7.025299;0.020052;222223; image18;Faster-R-CNN ResNet101 V1
6.447682;0.599580;5.819320;0.005310;50392; image19;Faster-R-CNN ResNet101 V1
5.620096;0.043427;5.566215;0.001770;13742; image20;Faster-R-CNN ResNet101 V1
6.786213;0.544110;6.208930;0.005812;43737; image21;Faster-R-CNN ResNet101 V1
6.778627;0.589911;6.136508;0.009454;114016; image22;Faster-R-CNN ResNet101 V1
10.035852;0.608671;9.323046;0.019488;186288; image23;Faster-R-CNN ResNet101 V1
8.838034;1.067128;7.704730;0.012111;120769; image24;Faster-R-CNN ResNet101 V1
6.316146;0.584230;5.691774;0.007089;81936; image25;Faster-R-CNN ResNet101 V1
6.456133;0.685014;5.689694;0.015331;173711; image26;Faster-R-CNN ResNet101 V1
6.523086;0.611140;5.818542;0.017450;176606; image27;Faster-R-CNN ResNet101 V1
6.760452;0.579374;6.140983;0.007375;90089; image28;Faster-R-CNN ResNet101 V1
7.047957;0.647652;6.340656;0.010963;150503; image29;Faster-R-CNN ResNet101 V1
7.627455;0.631954;6.925562;0.012962;87159; image30;Faster-R-CNN ResNet101 V1
6.125106;0.045356;6.068459;0.001859;14053; image31;Faster-R-CNN ResNet101 V1
5.907306;0.040464;5.850584;0.002239;10151; image32;Faster-R-CNN ResNet101 V1
6.703011;0.666522;5.973117;0.011932;120622; image33;Faster-R-CNN ResNet101 V1
9.835677;0.228434;9.562353;0.008416;34572; image34;Faster-R-CNN ResNet101 V1
8.235867;0.398508;7.819964;0.002942;21610; image35;Faster-R-CNN ResNet101 V1
6.439685;0.148658;6.272149;0.002961;21125; image36;Faster-R-CNN ResNet101 V1
6.891905;0.389669;6.472720;0.004745;54175; image37;Faster-R-CNN ResNet101 V1
7.279361;0.726292;6.494595;0.010787;82218; image38;Faster-R-CNN ResNet101 V1
6.782156;0.403415;6.328570;0.009206;35768; image39;Faster-R-CNN ResNet101 V1
6.819685;0.498113;6.263496;0.007776;39957; image40;Faster-R-CNN ResNet101 V1
6.753304;0.614614;6.074568;0.011879;64533; image41;Faster-R-CNN ResNet101 V1
7.168316;0.616224;6.488133;0.011453;108233; image42;Faster-R-CNN ResNet101 V1
7.277626;0.668879;6.509008;0.018521;140182; image43;Faster-R-CNN ResNet101 V1
9.466799;0.056160;9.380274;0.004793;16522; image44;Faster-R-CNN ResNet101 V1
13.066364;1.700199;11.261636;0.018468;171547; image45;Faster-R-CNN ResNet101 V1
10.505386;1.424963;8.995524;0.015565;119855; image46;Faster-R-CNN ResNet101 V1
10.726648;0.614182;10.087340;0.004347;40434; image47;Faster-R-CNN ResNet101 V1
7.791709;0.642314;6.734632;0.077967;34472; image48;Faster-R-CNN ResNet101 V1
7.470639;0.735926;6.325630;0.077189;59974; image49;Faster-R-CNN ResNet101 V1
7.118694;0.654990;6.161784;0.056725;73668; image50;Faster-R-CNN ResNet101 V1
7.899652;0.598840;6.856131;0.084179;141496; image51;Faster-R-CNN ResNet101 V1
8.886317;0.970378;7.487115;0.080187;79983; image52;Faster-R-CNN ResNet101 V1
11.494565;1.042255;10.213058;0.044808;74288; image53;Faster-R-CNN ResNet101 V1
8.894396;0.938170;7.556136;0.075782;93590; image54;Faster-R-CNN ResNet101 V1
8.304254;0.531645;7.347744;0.080379;66215; image55;Faster-R-CNN ResNet101 V1
9.157551;0.755838;7.976830;0.079910;78282; image56;Faster-R-CNN ResNet101 V1
9.640726;0.658509;8.568685;0.077874;66992; image57;Faster-R-CNN ResNet101 V1
10.302962;1.330205;8.479662;0.093306;77841; image58;Faster-R-CNN ResNet101 V1
7.914224;0.615384;6.822930;0.089647;74031; image59;Faster-R-CNN ResNet101 V1
8.253745;0.533125;7.342822;0.071273;54085; image60;Faster-R-CNN ResNet101 V1
12.514696;0.552600;11.740234;0.041409;40951; image61;Faster-R-CNN ResNet101 V1
8.265117;1.126539;6.830772;0.057962;99265; image62;Faster-R-CNN ResNet101 V1
7.749114;0.610551;6.875826;0.049647;92587; image63;Faster-R-CNN ResNet101 V1
6.666145;0.609216;5.774140;0.053116;161943; image64;Faster-R-CNN ResNet101 V1
7.477221;0.597517;6.377353;0.094945;139815; image65;Faster-R-CNN ResNet101 V1
7.339061;0.581027;6.261736;0.093461;80058; image66;Faster-R-CNN ResNet101 V1
7.211493;0.372122;6.466593;0.070371;94473; image67;Faster-R-CNN ResNet101 V1
7.201356;0.565540;6.021150;0.116450;175845; image68;Faster-R-CNN ResNet101 V1
7.277740;0.625284;6.365479;0.053719;297356; image69;Faster-R-CNN ResNet101 V1
9.427610;0.613812;8.389414;0.080262;135926; image70;Faster-R-CNN ResNet101 V1
10.013586;1.200290;8.417309;0.074392;124688; image71;Faster-R-CNN ResNet101 V1
7.181609;0.578009;6.293204;0.058653;82471; image72;Faster-R-CNN ResNet101 V1
7.005191;0.301181;6.235816;0.088425;29442; image73;Faster-R-CNN ResNet101 V1
7.210108;0.666677;6.273390;0.050671;63365; image74;Faster-R-CNN ResNet101 V1
6.901864;0.615117;5.979000;0.058174;114981; image75;Faster-R-CNN ResNet101 V1
7.065521;0.576068;6.105393;0.072451;155326; image76;Faster-R-CNN ResNet101 V1
7.093573;0.559509;6.133821;0.075644;186154; image77;Faster-R-CNN ResNet101 V1
7.192351;0.596620;6.310061;0.053976;81337; image78;Faster-R-CNN ResNet101 V1
6.793894;0.600783;5.827897;0.068805;117545; image79;Faster-R-CNN ResNet101 V1
9.265893;0.598370;8.169402;0.093580;75280; image80;Faster-R-CNN ResNet101 V1
11.736589;1.072093;10.180175;0.091636;107835; image81;Faster-R-CNN ResNet101 V1
9.133416;1.068758;7.574144;0.092753;189529; image82;Faster-R-CNN ResNet101 V1
6.801817;0.588086;5.832425;0.072084;94812; image83;Faster-R-CNN ResNet101 V1
7.061339;0.864937;5.807995;0.073703;90540; image84;Faster-R-CNN ResNet101 V1
6.082338;0.392657;5.402982;0.054164;99165; image85;Faster-R-CNN ResNet101 V1
6.965166;0.558666;6.044126;0.068034;78502; image86;Faster-R-CNN ResNet101 V1
6.825933;0.563997;6.013142;0.047083;125658; image87;Faster-R-CNN ResNet101 V1
6.635512;0.534163;5.820550;0.052894;130969; image88;Faster-R-CNN ResNet101 V1
7.071033;0.584617;6.207776;0.052627;113074; image89;Faster-R-CNN ResNet101 V1
9.073984;0.470481;8.316174;0.054209;36113; image90;Faster-R-CNN ResNet101 V1
9.326295;0.398515;8.679935;0.046474;17013; image91;Faster-R-CNN ResNet101 V1
6.845643;0.357189;6.113494;0.070688;52255; image92;Faster-R-CNN ResNet101 V1
6.677672;0.478456;5.932360;0.050427;45158; image93;Faster-R-CNN ResNet101 V1
6.744029;0.546261;5.971232;0.042478;61296; image94;Faster-R-CNN ResNet101 V1
5.623565;0.049471;5.311726;0.049533;13805; image95;Faster-R-CNN ResNet101 V1
6.078681;0.381640;5.417515;0.052564;127504; image96;Faster-R-CNN ResNet101 V1
6.966146;0.651991;5.924994;0.073487;199252; image97;Faster-R-CNN ResNet101 V1
7.110983;0.582883;6.076370;0.085382;156151; image98;Faster-R-CNN ResNet101 V1
7.136649;0.575878;6.098152;0.087505;134013; image99;Faster-R-CNN ResNet101 V1
7.804037;0.680472;6.117592;0.190887;310439; image100;Faster-R-CNN ResNet101 V1
10.230405;0.078175;9.731178;0.079270;12622; image101;Faster-R-CNN ResNet101 V1
7.641334;0.909100;6.425759;0.057549;68909; image102;Faster-R-CNN ResNet101 V1
7.318794;0.681565;6.209479;0.080823;158761; image103;Faster-R-CNN ResNet101 V1
1.137889;0.616657;0.479579;0.039725;109303;image1;EfficientDet D0
1.115284;0.640946;0.425640;0.043314;99258; image2;EfficientDet D0
0.996690;0.548254;0.411927;0.031337;53860; image3;EfficientDet D0
1.035985;0.582506;0.415140;0.035846;80367; image4;EfficientDet D0
1.049033;0.592567;0.415895;0.038167;113572; image5;EfficientDet D0
1.048690;0.588482;0.417376;0.039632;84649; image6;EfficientDet D0
1.094232;0.633565;0.418710;0.041406;89931; image7;EfficientDet D0
1.052373;0.600686;0.404189;0.045391;127682; image8;EfficientDet D0
1.333869;0.865459;0.418190;0.048348;234274; image9;EfficientDet D0
1.070649;0.590433;0.437834;0.040933;120329; image10;EfficientDet D0
1.546338;0.792233;0.702490;0.047891;76042; image11;EfficientDet D0
1.964795;1.140566;0.770766;0.048040;61060; image12;EfficientDet D0
2.555216;1.699707;0.773357;0.079238;193722; image13;EfficientDet D0
1.848977;1.045902;0.734955;0.064821;53569; image14;EfficientDet D0
2.418769;1.581182;0.767116;0.068404;89915; image15;EfficientDet D0
1.812992;1.060370;0.698685;0.048998;72731; image16;EfficientDet D0
1.718681;1.248625;0.406771;0.060758;145966; image17;EfficientDet D0
1.121301;0.656714;0.402509;0.059492;222223; image18;EfficientDet D0
1.041194;0.592150;0.411749;0.034818;50392; image19;EfficientDet D0
0.470396;0.041030;0.414339;0.012210;13742; image20;EfficientDet D0
1.045102;0.539315;0.466003;0.036541;43737; image21;EfficientDet D0
1.079593;0.579644;0.452943;0.044558;114016; image22;EfficientDet D0
1.065582;0.569340;0.438824;0.054986;186288; image23;EfficientDet D0
1.072050;0.583852;0.442607;0.042393;120769; image24;EfficientDet D0
1.049087;0.573479;0.436641;0.037468;81936; image25;EfficientDet D0
1.162647;0.665066;0.435522;0.061586;173711; image26;EfficientDet D0
1.049402;0.589085;0.398972;0.059403;176606; image27;EfficientDet D0
1.061556;0.604202;0.418790;0.037115;90089; image28;EfficientDet D0
1.108695;0.616485;0.440373;0.045192;150503; image29;EfficientDet D0
1.584367;0.794598;0.716980;0.069793;87159; image30;EfficientDet D0
0.803376;0.082935;0.695848;0.020901;14053; image31;EfficientDet D0
0.773472;0.078008;0.680786;0.012471;10151; image32;EfficientDet D0
2.292328;1.426052;0.800048;0.062838;120622; image33;EfficientDet D0
1.526955;0.591760;0.902976;0.029664;34572; image34;EfficientDet D0
1.510427;0.513618;0.958994;0.033390;21610; image35;EfficientDet D0
1.459376;0.431621;0.984473;0.036143;21125; image36;EfficientDet D0
2.550752;1.528450;0.986431;0.035327;54175; image37;EfficientDet D0
2.245095;1.438502;0.747483;0.056276;82218; image38;EfficientDet D0
1.031533;0.556603;0.445669;0.027003;35768; image39;EfficientDet D0
0.965490;0.509816;0.425157;0.028814;39957; image40;EfficientDet D0
1.075758;0.615581;0.418860;0.037362;64533; image41;EfficientDet D0
1.069960;0.615758;0.411685;0.040826;108233; image42;EfficientDet D0
1.077611;0.613138;0.414817;0.043635;140182; image43;EfficientDet D0
0.484797;0.041893;0.429117;0.011867;16522; image44;EfficientDet D0
1.116547;0.587343;0.463503;0.063105;171547; image45;EfficientDet D0
1.091408;0.612823;0.436207;0.040075;119855; image46;EfficientDet D0
0.730755;0.291099;0.411624;0.022965;40434; image47;EfficientDet D0
0.980483;0.525268;0.423560;0.029584;34472; image48;EfficientDet D0
1.064994;0.591185;0.433131;0.036267;59974; image49;EfficientDet D0
1.054826;0.597198;0.414603;0.041746;73668; image50;EfficientDet D0
1.053634;0.590143;0.414211;0.046575;141496; image51;EfficientDet D0
1.398653;0.892609;0.456378;0.049171;79983; image52;EfficientDet D0
0.905791;0.456795;0.414843;0.031759;74288; image53;EfficientDet D0
1.331035;0.879654;0.396868;0.052138;93590; image54;EfficientDet D0
0.888593;0.461448;0.396334;0.029400;66215; image55;EfficientDet D0
1.084289;0.615232;0.423618;0.040066;78282; image56;EfficientDet D0
0.951049;0.492157;0.422939;0.031332;66992; image57;EfficientDet D0
1.117161;0.663303;0.408871;0.040246;77841; image58;EfficientDet D0
0.946586;0.456412;0.454477;0.031765;74031; image59;EfficientDet D0
0.948447;0.449574;0.440613;0.055102;54085; image60;EfficientDet D0
0.634243;0.204332;0.406998;0.017362;40951; image61;EfficientDet D0
1.094762;0.600238;0.452662;0.039519;99265; image62;EfficientDet D0
1.133086;0.640522;0.449332;0.038649;92587; image63;EfficientDet D0
1.063383;0.595474;0.419090;0.046497;161943; image64;EfficientDet D0
1.078951;0.606665;0.431319;0.038127;139815; image65;EfficientDet D0
1.085099;0.614153;0.439774;0.029167;80058; image66;EfficientDet D0
0.824184;0.355677;0.433966;0.030617;94473; image67;EfficientDet D0
1.031901;0.545847;0.432348;0.051787;175845; image68;EfficientDet D0
1.086299;0.609451;0.423286;0.049154;297356; image69;EfficientDet D0
1.056071;0.588565;0.417314;0.046507;135926; image70;EfficientDet D0
1.408866;0.708755;0.648778;0.050849;124688; image71;EfficientDet D0
1.890053;1.141322;0.696764;0.049173;82471; image72;EfficientDet D0
1.362959;0.614974;0.713681;0.030385;29442; image73;EfficientDet D0
2.065639;1.250079;0.737557;0.069788;63365; image74;EfficientDet D0
1.862941;1.074226;0.730843;0.055905;114981; image75;EfficientDet D0
1.815333;1.026943;0.708111;0.076422;155326; image76;EfficientDet D0
1.837702;1.038921;0.737492;0.058107;186154; image77;EfficientDet D0
1.699079;1.076580;0.568575;0.048139;81337; image78;EfficientDet D0
1.072456;0.598857;0.409842;0.062198;117545; image79;EfficientDet D0
1.017772;0.577756;0.399594;0.039970;75280; image80;EfficientDet D0
1.080035;0.624781;0.405988;0.041432;107835; image81;EfficientDet D0
1.071952;0.594857;0.422922;0.050718;189529; image82;EfficientDet D0
1.090014;0.609522;0.434987;0.043651;94812; image83;EfficientDet D0
1.385022;0.918204;0.415686;0.050140;90540; image84;EfficientDet D0
0.836426;0.404011;0.396738;0.031468;99165; image85;EfficientDet D0
1.014519;0.565919;0.408877;0.037417;78502; image86;EfficientDet D0
1.030583;0.569367;0.420155;0.038328;125658; image87;EfficientDet D0
1.060875;0.566740;0.447431;0.042572;130969; image88;EfficientDet D0
1.057157;0.588196;0.418475;0.049538;113074; image89;EfficientDet D0
0.936962;0.454411;0.435371;0.044210;36113; image90;EfficientDet D0
0.640560;0.222058;0.396416;0.017851;17013; image91;EfficientDet D0
0.812089;0.368248;0.413542;0.024528;52255; image92;EfficientDet D0
0.935186;0.457633;0.443949;0.032340;45158; image93;EfficientDet D0
1.029924;0.564130;0.430539;0.032581;61296; image94;EfficientDet D0
0.430573;0.042514;0.376200;0.009814;13805; image95;EfficientDet D0
0.875280;0.427308;0.413855;0.031593;127504; image96;EfficientDet D0
1.130380;0.672199;0.410049;0.046786;199252; image97;EfficientDet D0
1.055308;0.596929;0.412247;0.044078;156151; image98;EfficientDet D0
1.054192;0.603658;0.399651;0.049550;134013; image99;EfficientDet D0
1.210300;0.701201;0.445742;0.061424;310439; image100;EfficientDet D0
0.457095;0.040948;0.397406;0.016453;12622; image101;EfficientDet D0
0.961572;0.494314;0.432576;0.031996;68909; image102;EfficientDet D0
1.141916;0.655193;0.435054;0.050061;158761; image103;EfficientDet D0
